Ma_DVKD,Ten_DVKD,Ma_Vung,Ten_Vung,Hang_DVKD,Dia_Ban
DVKD_001,Chi nhánh Hà Nội & Miền Bắc - Phòng GD 1,VUNG_1,Vùng 1 - Hà Nội & Miền Bắc,Hạng 3,Đô thị loại 2
DVKD_002,Chi nhánh Hà Nội & Miền Bắc - Phòng GD 2,VUNG_1,Vùng 1 - Hà Nội & Miền Bắc,Hạng 1,Đô thị loại 1
DVKD_003,Chi nhánh Hà Nội & Miền Bắc - Phòng GD 3,VUNG_1,Vùng 1 - Hà Nội & Miền Bắc,Hạng 1,Đô thị loại 1
DVKD_004,Chi nhánh Hà Nội & Miền Bắc - Phòng GD 4,VUNG_1,Vùng 1 - Hà Nội & Miền Bắc,Hạng 3,Đô thị loại 2
DVKD_005,Chi nhánh Hà Nội & Miền Bắc - Phòng GD 5,VUNG_1,Vùng 1 - Hà Nội & Miền Bắc,Hạng 2,Đô thị loại 2
DVKD_006,Chi nhánh Hà Nội & Miền Bắc - Phòng GD 6,VUNG_1,Vùng 1 - Hà Nội & Miền Bắc,Hạng 1,Đô thị loại 1
DVKD_007,Chi nhánh Hà Nội & Miền Bắc - Phòng GD 7,VUNG_1,Vùng 1 - Hà Nội & Miền Bắc,Hạng 1,Đô thị loại 1
DVKD_008,Chi nhánh Hà Nội & Miền Bắc - Phòng GD 8,VUNG_1,Vùng 1 - Hà Nội & Miền Bắc,Hạng 1,Đô thị loại 1
DVKD_009,Chi nhánh Miền Trung & Tây Nguyên - Phòng GD 1,VUNG_2,Vùng 2 - Miền Trung & Tây Nguyên,Hạng 3,Đô thị loại 2
DVKD_010,Chi nhánh Miền Trung & Tây Nguyên - Phòng GD 2,VUNG_2,Vùng 2 - Miền Trung & Tây Nguyên,Hạng 1,Đô thị loại 1
DVKD_011,Chi nhánh Miền Trung & Tây Nguyên - Phòng GD 3,VUNG_2,Vùng 2 - Miền Trung & Tây Nguyên,Hạng 3,Đô thị loại 2
DVKD_012,Chi nhánh Miền Trung & Tây Nguyên - Phòng GD 4,VUNG_2,Vùng 2 - Miền Trung & Tây Nguyên,Hạng 3,Đô thị loại 2
DVKD_013,Chi nhánh Miền Trung & Tây Nguyên - Phòng GD 5,VUNG_2,Vùng 2 - Miền Trung & Tây Nguyên,Hạng 3,Đô thị loại 2
DVKD_014,Chi nhánh Miền Trung & Tây Nguyên - Phòng GD 6,VUNG_2,Vùng 2 - Miền Trung & Tây Nguyên,Hạng 1,Đô thị loại 1
DVKD_015,Chi nhánh Miền Trung & Tây Nguyên - Phòng GD 7,VUNG_2,Vùng 2 - Miền Trung & Tây Nguyên,Hạng 3,Đô thị loại 2
DVKD_016,Chi nhánh Miền Trung & Tây Nguyên - Phòng GD 8,VUNG_2,Vùng 2 - Miền Trung & Tây Nguyên,Hạng 2,Đô thị loại 2
DVKD_017,Chi nhánh TP. Hồ Chí Minh & Miền Nam - Phòng GD 1,VUNG_3,Vùng 3 - TP. Hồ Chí Minh & Miền Nam,Hạng 1,Đô thị loại 1
DVKD_018,Chi nhánh TP. Hồ Chí Minh & Miền Nam - Phòng GD 2,VUNG_3,Vùng 3 - TP. Hồ Chí Minh & Miền Nam,Hạng 1,Đô thị loại 1
DVKD_019,Chi nhánh TP. Hồ Chí Minh & Miền Nam - Phòng GD 3,VUNG_3,Vùng 3 - TP. Hồ Chí Minh & Miền Nam,Hạng 1,Đô thị loại 1
DVKD_020,Chi nhánh TP. Hồ Chí Minh & Miền Nam - Phòng GD 4,VUNG_3,Vùng 3 - TP. Hồ Chí Minh & Miền Nam,Hạng 1,Đô thị loại 1
DVKD_021,Chi nhánh TP. Hồ Chí Minh & Miền Nam - Phòng GD 5,VUNG_3,Vùng 3 - TP. Hồ Chí Minh & Miền Nam,Hạng 1,Đô thị loại 1
DVKD_022,Chi nhánh TP. Hồ Chí Minh & Miền Nam - Phòng GD 6,VUNG_3,Vùng 3 - TP. Hồ Chí Minh & Miền Nam,Hạng 3,Đô thị loại 2
DVKD_023,Chi nhánh TP. Hồ Chí Minh & Miền Nam - Phòng GD 7,VUNG_3,Vùng 3 - TP. Hồ Chí Minh & Miền Nam,Hạng 3,Đô thị loại 2
DVKD_024,Chi nhánh TP. Hồ Chí Minh & Miền Nam - Phòng GD 8,VUNG_3,Vùng 3 - TP. Hồ Chí Minh & Miền Nam,Hạng 1,Đô thị loại 1
