Rptdate,Full_Date,Year,Quarter,YearMonth,Month,Day,DayOfWeek,IsWorkingDay
20240101,2024-01-01,2024,Q1,202401,1,1,Monday,1
20240102,2024-01-02,2024,Q1,202401,1,2,Tuesday,1
20240103,2024-01-03,2024,Q1,202401,1,3,Wednesday,1
20240104,2024-01-04,2024,Q1,202401,1,4,Thursday,1
20240105,2024-01-05,2024,Q1,202401,1,5,Friday,1
20240106,2024-01-06,2024,Q1,202401,1,6,Saturday,0
20240107,2024-01-07,2024,Q1,202401,1,7,Sunday,0
20240108,2024-01-08,2024,Q1,202401,1,8,Monday,1
20240109,2024-01-09,2024,Q1,202401,1,9,Tuesday,1
20240110,2024-01-10,2024,Q1,202401,1,10,Wednesday,1
20240111,2024-01-11,2024,Q1,202401,1,11,Thursday,1
20240112,2024-01-12,2024,Q1,202401,1,12,Friday,1
20240113,2024-01-13,2024,Q1,202401,1,13,Saturday,0
20240114,2024-01-14,2024,Q1,202401,1,14,Sunday,0
20240115,2024-01-15,2024,Q1,202401,1,15,Monday,1
20240116,2024-01-16,2024,Q1,202401,1,16,Tuesday,1
20240117,2024-01-17,2024,Q1,202401,1,17,Wednesday,1
20240118,2024-01-18,2024,Q1,202401,1,18,Thursday,1
20240119,2024-01-19,2024,Q1,202401,1,19,Friday,1
20240120,2024-01-20,2024,Q1,202401,1,20,Saturday,0
20240121,2024-01-21,2024,Q1,202401,1,21,Sunday,0
20240122,2024-01-22,2024,Q1,202401,1,22,Monday,1
20240123,2024-01-23,2024,Q1,202401,1,23,Tuesday,1
20240124,2024-01-24,2024,Q1,202401,1,24,Wednesday,1
20240125,2024-01-25,2024,Q1,202401,1,25,Thursday,1
20240126,2024-01-26,2024,Q1,202401,1,26,Friday,1
20240127,2024-01-27,2024,Q1,202401,1,27,Saturday,0
20240128,2024-01-28,2024,Q1,202401,1,28,Sunday,0
20240129,2024-01-29,2024,Q1,202401,1,29,Monday,1
20240130,2024-01-30,2024,Q1,202401,1,30,Tuesday,1
20240131,2024-01-31,2024,Q1,202401,1,31,Wednesday,1
20240201,2024-02-01,2024,Q1,202402,2,1,Thursday,1
20240202,2024-02-02,2024,Q1,202402,2,2,Friday,1
20240203,2024-02-03,2024,Q1,202402,2,3,Saturday,0
20240204,2024-02-04,2024,Q1,202402,2,4,Sunday,0
20240205,2024-02-05,2024,Q1,202402,2,5,Monday,1
20240206,2024-02-06,2024,Q1,202402,2,6,Tuesday,1
20240207,2024-02-07,2024,Q1,202402,2,7,Wednesday,1
20240208,2024-02-08,2024,Q1,202402,2,8,Thursday,1
20240209,2024-02-09,2024,Q1,202402,2,9,Friday,1
20240210,2024-02-10,2024,Q1,202402,2,10,Saturday,0
20240211,2024-02-11,2024,Q1,202402,2,11,Sunday,0
20240212,2024-02-12,2024,Q1,202402,2,12,Monday,1
20240213,2024-02-13,2024,Q1,202402,2,13,Tuesday,1
20240214,2024-02-14,2024,Q1,202402,2,14,Wednesday,1
20240215,2024-02-15,2024,Q1,202402,2,15,Thursday,1
20240216,2024-02-16,2024,Q1,202402,2,16,Friday,1
20240217,2024-02-17,2024,Q1,202402,2,17,Saturday,0
20240218,2024-02-18,2024,Q1,202402,2,18,Sunday,0
20240219,2024-02-19,2024,Q1,202402,2,19,Monday,1
20240220,2024-02-20,2024,Q1,202402,2,20,Tuesday,1
20240221,2024-02-21,2024,Q1,202402,2,21,Wednesday,1
20240222,2024-02-22,2024,Q1,202402,2,22,Thursday,1
20240223,2024-02-23,2024,Q1,202402,2,23,Friday,1
20240224,2024-02-24,2024,Q1,202402,2,24,Saturday,0
20240225,2024-02-25,2024,Q1,202402,2,25,Sunday,0
20240226,2024-02-26,2024,Q1,202402,2,26,Monday,1
20240227,2024-02-27,2024,Q1,202402,2,27,Tuesday,1
20240228,2024-02-28,2024,Q1,202402,2,28,Wednesday,1
20240229,2024-02-29,2024,Q1,202402,2,29,Thursday,1
20240301,2024-03-01,2024,Q1,202403,3,1,Friday,1
20240302,2024-03-02,2024,Q1,202403,3,2,Saturday,0
20240303,2024-03-03,2024,Q1,202403,3,3,Sunday,0
20240304,2024-03-04,2024,Q1,202403,3,4,Monday,1
20240305,2024-03-05,2024,Q1,202403,3,5,Tuesday,1
20240306,2024-03-06,2024,Q1,202403,3,6,Wednesday,1
20240307,2024-03-07,2024,Q1,202403,3,7,Thursday,1
20240308,2024-03-08,2024,Q1,202403,3,8,Friday,1
20240309,2024-03-09,2024,Q1,202403,3,9,Saturday,0
20240310,2024-03-10,2024,Q1,202403,3,10,Sunday,0
20240311,2024-03-11,2024,Q1,202403,3,11,Monday,1
20240312,2024-03-12,2024,Q1,202403,3,12,Tuesday,1
20240313,2024-03-13,2024,Q1,202403,3,13,Wednesday,1
20240314,2024-03-14,2024,Q1,202403,3,14,Thursday,1
20240315,2024-03-15,2024,Q1,202403,3,15,Friday,1
20240316,2024-03-16,2024,Q1,202403,3,16,Saturday,0
20240317,2024-03-17,2024,Q1,202403,3,17,Sunday,0
20240318,2024-03-18,2024,Q1,202403,3,18,Monday,1
20240319,2024-03-19,2024,Q1,202403,3,19,Tuesday,1
20240320,2024-03-20,2024,Q1,202403,3,20,Wednesday,1
20240321,2024-03-21,2024,Q1,202403,3,21,Thursday,1
20240322,2024-03-22,2024,Q1,202403,3,22,Friday,1
20240323,2024-03-23,2024,Q1,202403,3,23,Saturday,0
20240324,2024-03-24,2024,Q1,202403,3,24,Sunday,0
20240325,2024-03-25,2024,Q1,202403,3,25,Monday,1
20240326,2024-03-26,2024,Q1,202403,3,26,Tuesday,1
20240327,2024-03-27,2024,Q1,202403,3,27,Wednesday,1
20240328,2024-03-28,2024,Q1,202403,3,28,Thursday,1
20240329,2024-03-29,2024,Q1,202403,3,29,Friday,1
20240330,2024-03-30,2024,Q1,202403,3,30,Saturday,0
20240331,2024-03-31,2024,Q1,202403,3,31,Sunday,0
20240401,2024-04-01,2024,Q2,202404,4,1,Monday,1
20240402,2024-04-02,2024,Q2,202404,4,2,Tuesday,1
20240403,2024-04-03,2024,Q2,202404,4,3,Wednesday,1
20240404,2024-04-04,2024,Q2,202404,4,4,Thursday,1
20240405,2024-04-05,2024,Q2,202404,4,5,Friday,1
20240406,2024-04-06,2024,Q2,202404,4,6,Saturday,0
20240407,2024-04-07,2024,Q2,202404,4,7,Sunday,0
20240408,2024-04-08,2024,Q2,202404,4,8,Monday,1
20240409,2024-04-09,2024,Q2,202404,4,9,Tuesday,1
20240410,2024-04-10,2024,Q2,202404,4,10,Wednesday,1
20240411,2024-04-11,2024,Q2,202404,4,11,Thursday,1
20240412,2024-04-12,2024,Q2,202404,4,12,Friday,1
20240413,2024-04-13,2024,Q2,202404,4,13,Saturday,0
20240414,2024-04-14,2024,Q2,202404,4,14,Sunday,0
20240415,2024-04-15,2024,Q2,202404,4,15,Monday,1
20240416,2024-04-16,2024,Q2,202404,4,16,Tuesday,1
20240417,2024-04-17,2024,Q2,202404,4,17,Wednesday,1
20240418,2024-04-18,2024,Q2,202404,4,18,Thursday,1
20240419,2024-04-19,2024,Q2,202404,4,19,Friday,1
20240420,2024-04-20,2024,Q2,202404,4,20,Saturday,0
20240421,2024-04-21,2024,Q2,202404,4,21,Sunday,0
20240422,2024-04-22,2024,Q2,202404,4,22,Monday,1
20240423,2024-04-23,2024,Q2,202404,4,23,Tuesday,1
20240424,2024-04-24,2024,Q2,202404,4,24,Wednesday,1
20240425,2024-04-25,2024,Q2,202404,4,25,Thursday,1
20240426,2024-04-26,2024,Q2,202404,4,26,Friday,1
20240427,2024-04-27,2024,Q2,202404,4,27,Saturday,0
20240428,2024-04-28,2024,Q2,202404,4,28,Sunday,0
20240429,2024-04-29,2024,Q2,202404,4,29,Monday,1
20240430,2024-04-30,2024,Q2,202404,4,30,Tuesday,1
20240501,2024-05-01,2024,Q2,202405,5,1,Wednesday,1
20240502,2024-05-02,2024,Q2,202405,5,2,Thursday,1
20240503,2024-05-03,2024,Q2,202405,5,3,Friday,1
20240504,2024-05-04,2024,Q2,202405,5,4,Saturday,0
20240505,2024-05-05,2024,Q2,202405,5,5,Sunday,0
20240506,2024-05-06,2024,Q2,202405,5,6,Monday,1
20240507,2024-05-07,2024,Q2,202405,5,7,Tuesday,1
20240508,2024-05-08,2024,Q2,202405,5,8,Wednesday,1
20240509,2024-05-09,2024,Q2,202405,5,9,Thursday,1
20240510,2024-05-10,2024,Q2,202405,5,10,Friday,1
20240511,2024-05-11,2024,Q2,202405,5,11,Saturday,0
20240512,2024-05-12,2024,Q2,202405,5,12,Sunday,0
20240513,2024-05-13,2024,Q2,202405,5,13,Monday,1
20240514,2024-05-14,2024,Q2,202405,5,14,Tuesday,1
20240515,2024-05-15,2024,Q2,202405,5,15,Wednesday,1
20240516,2024-05-16,2024,Q2,202405,5,16,Thursday,1
20240517,2024-05-17,2024,Q2,202405,5,17,Friday,1
20240518,2024-05-18,2024,Q2,202405,5,18,Saturday,0
20240519,2024-05-19,2024,Q2,202405,5,19,Sunday,0
20240520,2024-05-20,2024,Q2,202405,5,20,Monday,1
20240521,2024-05-21,2024,Q2,202405,5,21,Tuesday,1
20240522,2024-05-22,2024,Q2,202405,5,22,Wednesday,1
20240523,2024-05-23,2024,Q2,202405,5,23,Thursday,1
20240524,2024-05-24,2024,Q2,202405,5,24,Friday,1
20240525,2024-05-25,2024,Q2,202405,5,25,Saturday,0
20240526,2024-05-26,2024,Q2,202405,5,26,Sunday,0
20240527,2024-05-27,2024,Q2,202405,5,27,Monday,1
20240528,2024-05-28,2024,Q2,202405,5,28,Tuesday,1
20240529,2024-05-29,2024,Q2,202405,5,29,Wednesday,1
20240530,2024-05-30,2024,Q2,202405,5,30,Thursday,1
20240531,2024-05-31,2024,Q2,202405,5,31,Friday,1
20240601,2024-06-01,2024,Q2,202406,6,1,Saturday,0
20240602,2024-06-02,2024,Q2,202406,6,2,Sunday,0
20240603,2024-06-03,2024,Q2,202406,6,3,Monday,1
20240604,2024-06-04,2024,Q2,202406,6,4,Tuesday,1
20240605,2024-06-05,2024,Q2,202406,6,5,Wednesday,1
20240606,2024-06-06,2024,Q2,202406,6,6,Thursday,1
20240607,2024-06-07,2024,Q2,202406,6,7,Friday,1
20240608,2024-06-08,2024,Q2,202406,6,8,Saturday,0
20240609,2024-06-09,2024,Q2,202406,6,9,Sunday,0
20240610,2024-06-10,2024,Q2,202406,6,10,Monday,1
20240611,2024-06-11,2024,Q2,202406,6,11,Tuesday,1
20240612,2024-06-12,2024,Q2,202406,6,12,Wednesday,1
20240613,2024-06-13,2024,Q2,202406,6,13,Thursday,1
20240614,2024-06-14,2024,Q2,202406,6,14,Friday,1
20240615,2024-06-15,2024,Q2,202406,6,15,Saturday,0
20240616,2024-06-16,2024,Q2,202406,6,16,Sunday,0
20240617,2024-06-17,2024,Q2,202406,6,17,Monday,1
20240618,2024-06-18,2024,Q2,202406,6,18,Tuesday,1
20240619,2024-06-19,2024,Q2,202406,6,19,Wednesday,1
20240620,2024-06-20,2024,Q2,202406,6,20,Thursday,1
20240621,2024-06-21,2024,Q2,202406,6,21,Friday,1
20240622,2024-06-22,2024,Q2,202406,6,22,Saturday,0
20240623,2024-06-23,2024,Q2,202406,6,23,Sunday,0
20240624,2024-06-24,2024,Q2,202406,6,24,Monday,1
20240625,2024-06-25,2024,Q2,202406,6,25,Tuesday,1
20240626,2024-06-26,2024,Q2,202406,6,26,Wednesday,1
20240627,2024-06-27,2024,Q2,202406,6,27,Thursday,1
20240628,2024-06-28,2024,Q2,202406,6,28,Friday,1
20240629,2024-06-29,2024,Q2,202406,6,29,Saturday,0
20240630,2024-06-30,2024,Q2,202406,6,30,Sunday,0
20240701,2024-07-01,2024,Q3,202407,7,1,Monday,1
20240702,2024-07-02,2024,Q3,202407,7,2,Tuesday,1
20240703,2024-07-03,2024,Q3,202407,7,3,Wednesday,1
20240704,2024-07-04,2024,Q3,202407,7,4,Thursday,1
20240705,2024-07-05,2024,Q3,202407,7,5,Friday,1
20240706,2024-07-06,2024,Q3,202407,7,6,Saturday,0
20240707,2024-07-07,2024,Q3,202407,7,7,Sunday,0
20240708,2024-07-08,2024,Q3,202407,7,8,Monday,1
20240709,2024-07-09,2024,Q3,202407,7,9,Tuesday,1
20240710,2024-07-10,2024,Q3,202407,7,10,Wednesday,1
20240711,2024-07-11,2024,Q3,202407,7,11,Thursday,1
20240712,2024-07-12,2024,Q3,202407,7,12,Friday,1
20240713,2024-07-13,2024,Q3,202407,7,13,Saturday,0
20240714,2024-07-14,2024,Q3,202407,7,14,Sunday,0
20240715,2024-07-15,2024,Q3,202407,7,15,Monday,1
20240716,2024-07-16,2024,Q3,202407,7,16,Tuesday,1
20240717,2024-07-17,2024,Q3,202407,7,17,Wednesday,1
20240718,2024-07-18,2024,Q3,202407,7,18,Thursday,1
20240719,2024-07-19,2024,Q3,202407,7,19,Friday,1
20240720,2024-07-20,2024,Q3,202407,7,20,Saturday,0
20240721,2024-07-21,2024,Q3,202407,7,21,Sunday,0
20240722,2024-07-22,2024,Q3,202407,7,22,Monday,1
20240723,2024-07-23,2024,Q3,202407,7,23,Tuesday,1
20240724,2024-07-24,2024,Q3,202407,7,24,Wednesday,1
20240725,2024-07-25,2024,Q3,202407,7,25,Thursday,1
20240726,2024-07-26,2024,Q3,202407,7,26,Friday,1
20240727,2024-07-27,2024,Q3,202407,7,27,Saturday,0
20240728,2024-07-28,2024,Q3,202407,7,28,Sunday,0
20240729,2024-07-29,2024,Q3,202407,7,29,Monday,1
20240730,2024-07-30,2024,Q3,202407,7,30,Tuesday,1
20240731,2024-07-31,2024,Q3,202407,7,31,Wednesday,1
20240801,2024-08-01,2024,Q3,202408,8,1,Thursday,1
20240802,2024-08-02,2024,Q3,202408,8,2,Friday,1
20240803,2024-08-03,2024,Q3,202408,8,3,Saturday,0
20240804,2024-08-04,2024,Q3,202408,8,4,Sunday,0
20240805,2024-08-05,2024,Q3,202408,8,5,Monday,1
20240806,2024-08-06,2024,Q3,202408,8,6,Tuesday,1
20240807,2024-08-07,2024,Q3,202408,8,7,Wednesday,1
20240808,2024-08-08,2024,Q3,202408,8,8,Thursday,1
20240809,2024-08-09,2024,Q3,202408,8,9,Friday,1
20240810,2024-08-10,2024,Q3,202408,8,10,Saturday,0
20240811,2024-08-11,2024,Q3,202408,8,11,Sunday,0
20240812,2024-08-12,2024,Q3,202408,8,12,Monday,1
20240813,2024-08-13,2024,Q3,202408,8,13,Tuesday,1
20240814,2024-08-14,2024,Q3,202408,8,14,Wednesday,1
20240815,2024-08-15,2024,Q3,202408,8,15,Thursday,1
20240816,2024-08-16,2024,Q3,202408,8,16,Friday,1
20240817,2024-08-17,2024,Q3,202408,8,17,Saturday,0
20240818,2024-08-18,2024,Q3,202408,8,18,Sunday,0
20240819,2024-08-19,2024,Q3,202408,8,19,Monday,1
20240820,2024-08-20,2024,Q3,202408,8,20,Tuesday,1
20240821,2024-08-21,2024,Q3,202408,8,21,Wednesday,1
20240822,2024-08-22,2024,Q3,202408,8,22,Thursday,1
20240823,2024-08-23,2024,Q3,202408,8,23,Friday,1
20240824,2024-08-24,2024,Q3,202408,8,24,Saturday,0
20240825,2024-08-25,2024,Q3,202408,8,25,Sunday,0
20240826,2024-08-26,2024,Q3,202408,8,26,Monday,1
20240827,2024-08-27,2024,Q3,202408,8,27,Tuesday,1
20240828,2024-08-28,2024,Q3,202408,8,28,Wednesday,1
20240829,2024-08-29,2024,Q3,202408,8,29,Thursday,1
20240830,2024-08-30,2024,Q3,202408,8,30,Friday,1
20240831,2024-08-31,2024,Q3,202408,8,31,Saturday,0
20240901,2024-09-01,2024,Q3,202409,9,1,Sunday,0
20240902,2024-09-02,2024,Q3,202409,9,2,Monday,1
20240903,2024-09-03,2024,Q3,202409,9,3,Tuesday,1
20240904,2024-09-04,2024,Q3,202409,9,4,Wednesday,1
20240905,2024-09-05,2024,Q3,202409,9,5,Thursday,1
20240906,2024-09-06,2024,Q3,202409,9,6,Friday,1
20240907,2024-09-07,2024,Q3,202409,9,7,Saturday,0
20240908,2024-09-08,2024,Q3,202409,9,8,Sunday,0
20240909,2024-09-09,2024,Q3,202409,9,9,Monday,1
20240910,2024-09-10,2024,Q3,202409,9,10,Tuesday,1
20240911,2024-09-11,2024,Q3,202409,9,11,Wednesday,1
20240912,2024-09-12,2024,Q3,202409,9,12,Thursday,1
20240913,2024-09-13,2024,Q3,202409,9,13,Friday,1
20240914,2024-09-14,2024,Q3,202409,9,14,Saturday,0
20240915,2024-09-15,2024,Q3,202409,9,15,Sunday,0
20240916,2024-09-16,2024,Q3,202409,9,16,Monday,1
20240917,2024-09-17,2024,Q3,202409,9,17,Tuesday,1
20240918,2024-09-18,2024,Q3,202409,9,18,Wednesday,1
20240919,2024-09-19,2024,Q3,202409,9,19,Thursday,1
20240920,2024-09-20,2024,Q3,202409,9,20,Friday,1
20240921,2024-09-21,2024,Q3,202409,9,21,Saturday,0
20240922,2024-09-22,2024,Q3,202409,9,22,Sunday,0
20240923,2024-09-23,2024,Q3,202409,9,23,Monday,1
20240924,2024-09-24,2024,Q3,202409,9,24,Tuesday,1
20240925,2024-09-25,2024,Q3,202409,9,25,Wednesday,1
20240926,2024-09-26,2024,Q3,202409,9,26,Thursday,1
20240927,2024-09-27,2024,Q3,202409,9,27,Friday,1
20240928,2024-09-28,2024,Q3,202409,9,28,Saturday,0
20240929,2024-09-29,2024,Q3,202409,9,29,Sunday,0
20240930,2024-09-30,2024,Q3,202409,9,30,Monday,1
20241001,2024-10-01,2024,Q4,202410,10,1,Tuesday,1
20241002,2024-10-02,2024,Q4,202410,10,2,Wednesday,1
20241003,2024-10-03,2024,Q4,202410,10,3,Thursday,1
20241004,2024-10-04,2024,Q4,202410,10,4,Friday,1
20241005,2024-10-05,2024,Q4,202410,10,5,Saturday,0
20241006,2024-10-06,2024,Q4,202410,10,6,Sunday,0
20241007,2024-10-07,2024,Q4,202410,10,7,Monday,1
20241008,2024-10-08,2024,Q4,202410,10,8,Tuesday,1
20241009,2024-10-09,2024,Q4,202410,10,9,Wednesday,1
20241010,2024-10-10,2024,Q4,202410,10,10,Thursday,1
20241011,2024-10-11,2024,Q4,202410,10,11,Friday,1
20241012,2024-10-12,2024,Q4,202410,10,12,Saturday,0
20241013,2024-10-13,2024,Q4,202410,10,13,Sunday,0
20241014,2024-10-14,2024,Q4,202410,10,14,Monday,1
20241015,2024-10-15,2024,Q4,202410,10,15,Tuesday,1
20241016,2024-10-16,2024,Q4,202410,10,16,Wednesday,1
20241017,2024-10-17,2024,Q4,202410,10,17,Thursday,1
20241018,2024-10-18,2024,Q4,202410,10,18,Friday,1
20241019,2024-10-19,2024,Q4,202410,10,19,Saturday,0
20241020,2024-10-20,2024,Q4,202410,10,20,Sunday,0
20241021,2024-10-21,2024,Q4,202410,10,21,Monday,1
20241022,2024-10-22,2024,Q4,202410,10,22,Tuesday,1
20241023,2024-10-23,2024,Q4,202410,10,23,Wednesday,1
20241024,2024-10-24,2024,Q4,202410,10,24,Thursday,1
20241025,2024-10-25,2024,Q4,202410,10,25,Friday,1
20241026,2024-10-26,2024,Q4,202410,10,26,Saturday,0
20241027,2024-10-27,2024,Q4,202410,10,27,Sunday,0
20241028,2024-10-28,2024,Q4,202410,10,28,Monday,1
20241029,2024-10-29,2024,Q4,202410,10,29,Tuesday,1
20241030,2024-10-30,2024,Q4,202410,10,30,Wednesday,1
20241031,2024-10-31,2024,Q4,202410,10,31,Thursday,1
20241101,2024-11-01,2024,Q4,202411,11,1,Friday,1
20241102,2024-11-02,2024,Q4,202411,11,2,Saturday,0
20241103,2024-11-03,2024,Q4,202411,11,3,Sunday,0
20241104,2024-11-04,2024,Q4,202411,11,4,Monday,1
20241105,2024-11-05,2024,Q4,202411,11,5,Tuesday,1
20241106,2024-11-06,2024,Q4,202411,11,6,Wednesday,1
20241107,2024-11-07,2024,Q4,202411,11,7,Thursday,1
20241108,2024-11-08,2024,Q4,202411,11,8,Friday,1
20241109,2024-11-09,2024,Q4,202411,11,9,Saturday,0
20241110,2024-11-10,2024,Q4,202411,11,10,Sunday,0
20241111,2024-11-11,2024,Q4,202411,11,11,Monday,1
20241112,2024-11-12,2024,Q4,202411,11,12,Tuesday,1
20241113,2024-11-13,2024,Q4,202411,11,13,Wednesday,1
20241114,2024-11-14,2024,Q4,202411,11,14,Thursday,1
20241115,2024-11-15,2024,Q4,202411,11,15,Friday,1
20241116,2024-11-16,2024,Q4,202411,11,16,Saturday,0
20241117,2024-11-17,2024,Q4,202411,11,17,Sunday,0
20241118,2024-11-18,2024,Q4,202411,11,18,Monday,1
20241119,2024-11-19,2024,Q4,202411,11,19,Tuesday,1
20241120,2024-11-20,2024,Q4,202411,11,20,Wednesday,1
20241121,2024-11-21,2024,Q4,202411,11,21,Thursday,1
20241122,2024-11-22,2024,Q4,202411,11,22,Friday,1
20241123,2024-11-23,2024,Q4,202411,11,23,Saturday,0
20241124,2024-11-24,2024,Q4,202411,11,24,Sunday,0
20241125,2024-11-25,2024,Q4,202411,11,25,Monday,1
20241126,2024-11-26,2024,Q4,202411,11,26,Tuesday,1
20241127,2024-11-27,2024,Q4,202411,11,27,Wednesday,1
20241128,2024-11-28,2024,Q4,202411,11,28,Thursday,1
20241129,2024-11-29,2024,Q4,202411,11,29,Friday,1
20241130,2024-11-30,2024,Q4,202411,11,30,Saturday,0
20241201,2024-12-01,2024,Q4,202412,12,1,Sunday,0
20241202,2024-12-02,2024,Q4,202412,12,2,Monday,1
20241203,2024-12-03,2024,Q4,202412,12,3,Tuesday,1
20241204,2024-12-04,2024,Q4,202412,12,4,Wednesday,1
20241205,2024-12-05,2024,Q4,202412,12,5,Thursday,1
20241206,2024-12-06,2024,Q4,202412,12,6,Friday,1
20241207,2024-12-07,2024,Q4,202412,12,7,Saturday,0
20241208,2024-12-08,2024,Q4,202412,12,8,Sunday,0
20241209,2024-12-09,2024,Q4,202412,12,9,Monday,1
20241210,2024-12-10,2024,Q4,202412,12,10,Tuesday,1
20241211,2024-12-11,2024,Q4,202412,12,11,Wednesday,1
20241212,2024-12-12,2024,Q4,202412,12,12,Thursday,1
20241213,2024-12-13,2024,Q4,202412,12,13,Friday,1
20241214,2024-12-14,2024,Q4,202412,12,14,Saturday,0
20241215,2024-12-15,2024,Q4,202412,12,15,Sunday,0
20241216,2024-12-16,2024,Q4,202412,12,16,Monday,1
20241217,2024-12-17,2024,Q4,202412,12,17,Tuesday,1
20241218,2024-12-18,2024,Q4,202412,12,18,Wednesday,1
20241219,2024-12-19,2024,Q4,202412,12,19,Thursday,1
20241220,2024-12-20,2024,Q4,202412,12,20,Friday,1
20241221,2024-12-21,2024,Q4,202412,12,21,Saturday,0
20241222,2024-12-22,2024,Q4,202412,12,22,Sunday,0
20241223,2024-12-23,2024,Q4,202412,12,23,Monday,1
20241224,2024-12-24,2024,Q4,202412,12,24,Tuesday,1
20241225,2024-12-25,2024,Q4,202412,12,25,Wednesday,1
20241226,2024-12-26,2024,Q4,202412,12,26,Thursday,1
20241227,2024-12-27,2024,Q4,202412,12,27,Friday,1
20241228,2024-12-28,2024,Q4,202412,12,28,Saturday,0
20241229,2024-12-29,2024,Q4,202412,12,29,Sunday,0
20241230,2024-12-30,2024,Q4,202412,12,30,Monday,1
20241231,2024-12-31,2024,Q4,202412,12,31,Tuesday,1
20250101,2025-01-01,2025,Q1,202501,1,1,Wednesday,1
20250102,2025-01-02,2025,Q1,202501,1,2,Thursday,1
20250103,2025-01-03,2025,Q1,202501,1,3,Friday,1
20250104,2025-01-04,2025,Q1,202501,1,4,Saturday,0
20250105,2025-01-05,2025,Q1,202501,1,5,Sunday,0
20250106,2025-01-06,2025,Q1,202501,1,6,Monday,1
20250107,2025-01-07,2025,Q1,202501,1,7,Tuesday,1
20250108,2025-01-08,2025,Q1,202501,1,8,Wednesday,1
20250109,2025-01-09,2025,Q1,202501,1,9,Thursday,1
20250110,2025-01-10,2025,Q1,202501,1,10,Friday,1
20250111,2025-01-11,2025,Q1,202501,1,11,Saturday,0
20250112,2025-01-12,2025,Q1,202501,1,12,Sunday,0
20250113,2025-01-13,2025,Q1,202501,1,13,Monday,1
20250114,2025-01-14,2025,Q1,202501,1,14,Tuesday,1
20250115,2025-01-15,2025,Q1,202501,1,15,Wednesday,1
20250116,2025-01-16,2025,Q1,202501,1,16,Thursday,1
20250117,2025-01-17,2025,Q1,202501,1,17,Friday,1
20250118,2025-01-18,2025,Q1,202501,1,18,Saturday,0
20250119,2025-01-19,2025,Q1,202501,1,19,Sunday,0
20250120,2025-01-20,2025,Q1,202501,1,20,Monday,1
20250121,2025-01-21,2025,Q1,202501,1,21,Tuesday,1
20250122,2025-01-22,2025,Q1,202501,1,22,Wednesday,1
20250123,2025-01-23,2025,Q1,202501,1,23,Thursday,1
20250124,2025-01-24,2025,Q1,202501,1,24,Friday,1
20250125,2025-01-25,2025,Q1,202501,1,25,Saturday,0
20250126,2025-01-26,2025,Q1,202501,1,26,Sunday,0
20250127,2025-01-27,2025,Q1,202501,1,27,Monday,1
20250128,2025-01-28,2025,Q1,202501,1,28,Tuesday,1
20250129,2025-01-29,2025,Q1,202501,1,29,Wednesday,1
20250130,2025-01-30,2025,Q1,202501,1,30,Thursday,1
20250131,2025-01-31,2025,Q1,202501,1,31,Friday,1
20250201,2025-02-01,2025,Q1,202502,2,1,Saturday,0
20250202,2025-02-02,2025,Q1,202502,2,2,Sunday,0
20250203,2025-02-03,2025,Q1,202502,2,3,Monday,1
20250204,2025-02-04,2025,Q1,202502,2,4,Tuesday,1
20250205,2025-02-05,2025,Q1,202502,2,5,Wednesday,1
20250206,2025-02-06,2025,Q1,202502,2,6,Thursday,1
20250207,2025-02-07,2025,Q1,202502,2,7,Friday,1
20250208,2025-02-08,2025,Q1,202502,2,8,Saturday,0
20250209,2025-02-09,2025,Q1,202502,2,9,Sunday,0
20250210,2025-02-10,2025,Q1,202502,2,10,Monday,1
20250211,2025-02-11,2025,Q1,202502,2,11,Tuesday,1
20250212,2025-02-12,2025,Q1,202502,2,12,Wednesday,1
20250213,2025-02-13,2025,Q1,202502,2,13,Thursday,1
20250214,2025-02-14,2025,Q1,202502,2,14,Friday,1
20250215,2025-02-15,2025,Q1,202502,2,15,Saturday,0
20250216,2025-02-16,2025,Q1,202502,2,16,Sunday,0
20250217,2025-02-17,2025,Q1,202502,2,17,Monday,1
20250218,2025-02-18,2025,Q1,202502,2,18,Tuesday,1
20250219,2025-02-19,2025,Q1,202502,2,19,Wednesday,1
20250220,2025-02-20,2025,Q1,202502,2,20,Thursday,1
20250221,2025-02-21,2025,Q1,202502,2,21,Friday,1
20250222,2025-02-22,2025,Q1,202502,2,22,Saturday,0
20250223,2025-02-23,2025,Q1,202502,2,23,Sunday,0
20250224,2025-02-24,2025,Q1,202502,2,24,Monday,1
20250225,2025-02-25,2025,Q1,202502,2,25,Tuesday,1
20250226,2025-02-26,2025,Q1,202502,2,26,Wednesday,1
20250227,2025-02-27,2025,Q1,202502,2,27,Thursday,1
20250228,2025-02-28,2025,Q1,202502,2,28,Friday,1
20250301,2025-03-01,2025,Q1,202503,3,1,Saturday,0
20250302,2025-03-02,2025,Q1,202503,3,2,Sunday,0
20250303,2025-03-03,2025,Q1,202503,3,3,Monday,1
20250304,2025-03-04,2025,Q1,202503,3,4,Tuesday,1
20250305,2025-03-05,2025,Q1,202503,3,5,Wednesday,1
20250306,2025-03-06,2025,Q1,202503,3,6,Thursday,1
20250307,2025-03-07,2025,Q1,202503,3,7,Friday,1
20250308,2025-03-08,2025,Q1,202503,3,8,Saturday,0
20250309,2025-03-09,2025,Q1,202503,3,9,Sunday,0
20250310,2025-03-10,2025,Q1,202503,3,10,Monday,1
20250311,2025-03-11,2025,Q1,202503,3,11,Tuesday,1
20250312,2025-03-12,2025,Q1,202503,3,12,Wednesday,1
20250313,2025-03-13,2025,Q1,202503,3,13,Thursday,1
20250314,2025-03-14,2025,Q1,202503,3,14,Friday,1
20250315,2025-03-15,2025,Q1,202503,3,15,Saturday,0
20250316,2025-03-16,2025,Q1,202503,3,16,Sunday,0
20250317,2025-03-17,2025,Q1,202503,3,17,Monday,1
20250318,2025-03-18,2025,Q1,202503,3,18,Tuesday,1
20250319,2025-03-19,2025,Q1,202503,3,19,Wednesday,1
20250320,2025-03-20,2025,Q1,202503,3,20,Thursday,1
20250321,2025-03-21,2025,Q1,202503,3,21,Friday,1
20250322,2025-03-22,2025,Q1,202503,3,22,Saturday,0
20250323,2025-03-23,2025,Q1,202503,3,23,Sunday,0
20250324,2025-03-24,2025,Q1,202503,3,24,Monday,1
20250325,2025-03-25,2025,Q1,202503,3,25,Tuesday,1
20250326,2025-03-26,2025,Q1,202503,3,26,Wednesday,1
20250327,2025-03-27,2025,Q1,202503,3,27,Thursday,1
20250328,2025-03-28,2025,Q1,202503,3,28,Friday,1
20250329,2025-03-29,2025,Q1,202503,3,29,Saturday,0
20250330,2025-03-30,2025,Q1,202503,3,30,Sunday,0
20250331,2025-03-31,2025,Q1,202503,3,31,Monday,1
20250401,2025-04-01,2025,Q2,202504,4,1,Tuesday,1
20250402,2025-04-02,2025,Q2,202504,4,2,Wednesday,1
20250403,2025-04-03,2025,Q2,202504,4,3,Thursday,1
20250404,2025-04-04,2025,Q2,202504,4,4,Friday,1
20250405,2025-04-05,2025,Q2,202504,4,5,Saturday,0
20250406,2025-04-06,2025,Q2,202504,4,6,Sunday,0
20250407,2025-04-07,2025,Q2,202504,4,7,Monday,1
20250408,2025-04-08,2025,Q2,202504,4,8,Tuesday,1
20250409,2025-04-09,2025,Q2,202504,4,9,Wednesday,1
20250410,2025-04-10,2025,Q2,202504,4,10,Thursday,1
20250411,2025-04-11,2025,Q2,202504,4,11,Friday,1
20250412,2025-04-12,2025,Q2,202504,4,12,Saturday,0
20250413,2025-04-13,2025,Q2,202504,4,13,Sunday,0
20250414,2025-04-14,2025,Q2,202504,4,14,Monday,1
20250415,2025-04-15,2025,Q2,202504,4,15,Tuesday,1
20250416,2025-04-16,2025,Q2,202504,4,16,Wednesday,1
20250417,2025-04-17,2025,Q2,202504,4,17,Thursday,1
20250418,2025-04-18,2025,Q2,202504,4,18,Friday,1
20250419,2025-04-19,2025,Q2,202504,4,19,Saturday,0
20250420,2025-04-20,2025,Q2,202504,4,20,Sunday,0
20250421,2025-04-21,2025,Q2,202504,4,21,Monday,1
20250422,2025-04-22,2025,Q2,202504,4,22,Tuesday,1
20250423,2025-04-23,2025,Q2,202504,4,23,Wednesday,1
20250424,2025-04-24,2025,Q2,202504,4,24,Thursday,1
20250425,2025-04-25,2025,Q2,202504,4,25,Friday,1
20250426,2025-04-26,2025,Q2,202504,4,26,Saturday,0
20250427,2025-04-27,2025,Q2,202504,4,27,Sunday,0
20250428,2025-04-28,2025,Q2,202504,4,28,Monday,1
20250429,2025-04-29,2025,Q2,202504,4,29,Tuesday,1
20250430,2025-04-30,2025,Q2,202504,4,30,Wednesday,1
20250501,2025-05-01,2025,Q2,202505,5,1,Thursday,1
20250502,2025-05-02,2025,Q2,202505,5,2,Friday,1
20250503,2025-05-03,2025,Q2,202505,5,3,Saturday,0
20250504,2025-05-04,2025,Q2,202505,5,4,Sunday,0
20250505,2025-05-05,2025,Q2,202505,5,5,Monday,1
20250506,2025-05-06,2025,Q2,202505,5,6,Tuesday,1
20250507,2025-05-07,2025,Q2,202505,5,7,Wednesday,1
20250508,2025-05-08,2025,Q2,202505,5,8,Thursday,1
20250509,2025-05-09,2025,Q2,202505,5,9,Friday,1
20250510,2025-05-10,2025,Q2,202505,5,10,Saturday,0
20250511,2025-05-11,2025,Q2,202505,5,11,Sunday,0
20250512,2025-05-12,2025,Q2,202505,5,12,Monday,1
20250513,2025-05-13,2025,Q2,202505,5,13,Tuesday,1
20250514,2025-05-14,2025,Q2,202505,5,14,Wednesday,1
20250515,2025-05-15,2025,Q2,202505,5,15,Thursday,1
20250516,2025-05-16,2025,Q2,202505,5,16,Friday,1
20250517,2025-05-17,2025,Q2,202505,5,17,Saturday,0
20250518,2025-05-18,2025,Q2,202505,5,18,Sunday,0
20250519,2025-05-19,2025,Q2,202505,5,19,Monday,1
20250520,2025-05-20,2025,Q2,202505,5,20,Tuesday,1
20250521,2025-05-21,2025,Q2,202505,5,21,Wednesday,1
20250522,2025-05-22,2025,Q2,202505,5,22,Thursday,1
20250523,2025-05-23,2025,Q2,202505,5,23,Friday,1
20250524,2025-05-24,2025,Q2,202505,5,24,Saturday,0
20250525,2025-05-25,2025,Q2,202505,5,25,Sunday,0
20250526,2025-05-26,2025,Q2,202505,5,26,Monday,1
20250527,2025-05-27,2025,Q2,202505,5,27,Tuesday,1
20250528,2025-05-28,2025,Q2,202505,5,28,Wednesday,1
20250529,2025-05-29,2025,Q2,202505,5,29,Thursday,1
20250530,2025-05-30,2025,Q2,202505,5,30,Friday,1
20250531,2025-05-31,2025,Q2,202505,5,31,Saturday,0
20250601,2025-06-01,2025,Q2,202506,6,1,Sunday,0
20250602,2025-06-02,2025,Q2,202506,6,2,Monday,1
20250603,2025-06-03,2025,Q2,202506,6,3,Tuesday,1
20250604,2025-06-04,2025,Q2,202506,6,4,Wednesday,1
20250605,2025-06-05,2025,Q2,202506,6,5,Thursday,1
20250606,2025-06-06,2025,Q2,202506,6,6,Friday,1
20250607,2025-06-07,2025,Q2,202506,6,7,Saturday,0
20250608,2025-06-08,2025,Q2,202506,6,8,Sunday,0
20250609,2025-06-09,2025,Q2,202506,6,9,Monday,1
20250610,2025-06-10,2025,Q2,202506,6,10,Tuesday,1
20250611,2025-06-11,2025,Q2,202506,6,11,Wednesday,1
20250612,2025-06-12,2025,Q2,202506,6,12,Thursday,1
20250613,2025-06-13,2025,Q2,202506,6,13,Friday,1
20250614,2025-06-14,2025,Q2,202506,6,14,Saturday,0
20250615,2025-06-15,2025,Q2,202506,6,15,Sunday,0
20250616,2025-06-16,2025,Q2,202506,6,16,Monday,1
20250617,2025-06-17,2025,Q2,202506,6,17,Tuesday,1
20250618,2025-06-18,2025,Q2,202506,6,18,Wednesday,1
20250619,2025-06-19,2025,Q2,202506,6,19,Thursday,1
20250620,2025-06-20,2025,Q2,202506,6,20,Friday,1
20250621,2025-06-21,2025,Q2,202506,6,21,Saturday,0
20250622,2025-06-22,2025,Q2,202506,6,22,Sunday,0
20250623,2025-06-23,2025,Q2,202506,6,23,Monday,1
20250624,2025-06-24,2025,Q2,202506,6,24,Tuesday,1
20250625,2025-06-25,2025,Q2,202506,6,25,Wednesday,1
20250626,2025-06-26,2025,Q2,202506,6,26,Thursday,1
20250627,2025-06-27,2025,Q2,202506,6,27,Friday,1
20250628,2025-06-28,2025,Q2,202506,6,28,Saturday,0
20250629,2025-06-29,2025,Q2,202506,6,29,Sunday,0
20250630,2025-06-30,2025,Q2,202506,6,30,Monday,1
20250701,2025-07-01,2025,Q3,202507,7,1,Tuesday,1
20250702,2025-07-02,2025,Q3,202507,7,2,Wednesday,1
20250703,2025-07-03,2025,Q3,202507,7,3,Thursday,1
20250704,2025-07-04,2025,Q3,202507,7,4,Friday,1
20250705,2025-07-05,2025,Q3,202507,7,5,Saturday,0
20250706,2025-07-06,2025,Q3,202507,7,6,Sunday,0
20250707,2025-07-07,2025,Q3,202507,7,7,Monday,1
20250708,2025-07-08,2025,Q3,202507,7,8,Tuesday,1
20250709,2025-07-09,2025,Q3,202507,7,9,Wednesday,1
20250710,2025-07-10,2025,Q3,202507,7,10,Thursday,1
20250711,2025-07-11,2025,Q3,202507,7,11,Friday,1
20250712,2025-07-12,2025,Q3,202507,7,12,Saturday,0
20250713,2025-07-13,2025,Q3,202507,7,13,Sunday,0
20250714,2025-07-14,2025,Q3,202507,7,14,Monday,1
20250715,2025-07-15,2025,Q3,202507,7,15,Tuesday,1
20250716,2025-07-16,2025,Q3,202507,7,16,Wednesday,1
20250717,2025-07-17,2025,Q3,202507,7,17,Thursday,1
20250718,2025-07-18,2025,Q3,202507,7,18,Friday,1
20250719,2025-07-19,2025,Q3,202507,7,19,Saturday,0
20250720,2025-07-20,2025,Q3,202507,7,20,Sunday,0
20250721,2025-07-21,2025,Q3,202507,7,21,Monday,1
20250722,2025-07-22,2025,Q3,202507,7,22,Tuesday,1
20250723,2025-07-23,2025,Q3,202507,7,23,Wednesday,1
20250724,2025-07-24,2025,Q3,202507,7,24,Thursday,1
20250725,2025-07-25,2025,Q3,202507,7,25,Friday,1
20250726,2025-07-26,2025,Q3,202507,7,26,Saturday,0
20250727,2025-07-27,2025,Q3,202507,7,27,Sunday,0
20250728,2025-07-28,2025,Q3,202507,7,28,Monday,1
20250729,2025-07-29,2025,Q3,202507,7,29,Tuesday,1
20250730,2025-07-30,2025,Q3,202507,7,30,Wednesday,1
20250731,2025-07-31,2025,Q3,202507,7,31,Thursday,1
20250801,2025-08-01,2025,Q3,202508,8,1,Friday,1
20250802,2025-08-02,2025,Q3,202508,8,2,Saturday,0
20250803,2025-08-03,2025,Q3,202508,8,3,Sunday,0
20250804,2025-08-04,2025,Q3,202508,8,4,Monday,1
20250805,2025-08-05,2025,Q3,202508,8,5,Tuesday,1
20250806,2025-08-06,2025,Q3,202508,8,6,Wednesday,1
20250807,2025-08-07,2025,Q3,202508,8,7,Thursday,1
20250808,2025-08-08,2025,Q3,202508,8,8,Friday,1
20250809,2025-08-09,2025,Q3,202508,8,9,Saturday,0
20250810,2025-08-10,2025,Q3,202508,8,10,Sunday,0
20250811,2025-08-11,2025,Q3,202508,8,11,Monday,1
20250812,2025-08-12,2025,Q3,202508,8,12,Tuesday,1
20250813,2025-08-13,2025,Q3,202508,8,13,Wednesday,1
20250814,2025-08-14,2025,Q3,202508,8,14,Thursday,1
20250815,2025-08-15,2025,Q3,202508,8,15,Friday,1
20250816,2025-08-16,2025,Q3,202508,8,16,Saturday,0
20250817,2025-08-17,2025,Q3,202508,8,17,Sunday,0
20250818,2025-08-18,2025,Q3,202508,8,18,Monday,1
20250819,2025-08-19,2025,Q3,202508,8,19,Tuesday,1
20250820,2025-08-20,2025,Q3,202508,8,20,Wednesday,1
20250821,2025-08-21,2025,Q3,202508,8,21,Thursday,1
20250822,2025-08-22,2025,Q3,202508,8,22,Friday,1
20250823,2025-08-23,2025,Q3,202508,8,23,Saturday,0
20250824,2025-08-24,2025,Q3,202508,8,24,Sunday,0
20250825,2025-08-25,2025,Q3,202508,8,25,Monday,1
20250826,2025-08-26,2025,Q3,202508,8,26,Tuesday,1
20250827,2025-08-27,2025,Q3,202508,8,27,Wednesday,1
20250828,2025-08-28,2025,Q3,202508,8,28,Thursday,1
20250829,2025-08-29,2025,Q3,202508,8,29,Friday,1
20250830,2025-08-30,2025,Q3,202508,8,30,Saturday,0
20250831,2025-08-31,2025,Q3,202508,8,31,Sunday,0
20250901,2025-09-01,2025,Q3,202509,9,1,Monday,1
20250902,2025-09-02,2025,Q3,202509,9,2,Tuesday,1
20250903,2025-09-03,2025,Q3,202509,9,3,Wednesday,1
20250904,2025-09-04,2025,Q3,202509,9,4,Thursday,1
20250905,2025-09-05,2025,Q3,202509,9,5,Friday,1
20250906,2025-09-06,2025,Q3,202509,9,6,Saturday,0
20250907,2025-09-07,2025,Q3,202509,9,7,Sunday,0
20250908,2025-09-08,2025,Q3,202509,9,8,Monday,1
20250909,2025-09-09,2025,Q3,202509,9,9,Tuesday,1
20250910,2025-09-10,2025,Q3,202509,9,10,Wednesday,1
20250911,2025-09-11,2025,Q3,202509,9,11,Thursday,1
20250912,2025-09-12,2025,Q3,202509,9,12,Friday,1
20250913,2025-09-13,2025,Q3,202509,9,13,Saturday,0
20250914,2025-09-14,2025,Q3,202509,9,14,Sunday,0
20250915,2025-09-15,2025,Q3,202509,9,15,Monday,1
20250916,2025-09-16,2025,Q3,202509,9,16,Tuesday,1
20250917,2025-09-17,2025,Q3,202509,9,17,Wednesday,1
20250918,2025-09-18,2025,Q3,202509,9,18,Thursday,1
20250919,2025-09-19,2025,Q3,202509,9,19,Friday,1
20250920,2025-09-20,2025,Q3,202509,9,20,Saturday,0
20250921,2025-09-21,2025,Q3,202509,9,21,Sunday,0
20250922,2025-09-22,2025,Q3,202509,9,22,Monday,1
20250923,2025-09-23,2025,Q3,202509,9,23,Tuesday,1
20250924,2025-09-24,2025,Q3,202509,9,24,Wednesday,1
20250925,2025-09-25,2025,Q3,202509,9,25,Thursday,1
20250926,2025-09-26,2025,Q3,202509,9,26,Friday,1
20250927,2025-09-27,2025,Q3,202509,9,27,Saturday,0
20250928,2025-09-28,2025,Q3,202509,9,28,Sunday,0
20250929,2025-09-29,2025,Q3,202509,9,29,Monday,1
20250930,2025-09-30,2025,Q3,202509,9,30,Tuesday,1
20251001,2025-10-01,2025,Q4,202510,10,1,Wednesday,1
20251002,2025-10-02,2025,Q4,202510,10,2,Thursday,1
20251003,2025-10-03,2025,Q4,202510,10,3,Friday,1
20251004,2025-10-04,2025,Q4,202510,10,4,Saturday,0
20251005,2025-10-05,2025,Q4,202510,10,5,Sunday,0
20251006,2025-10-06,2025,Q4,202510,10,6,Monday,1
20251007,2025-10-07,2025,Q4,202510,10,7,Tuesday,1
20251008,2025-10-08,2025,Q4,202510,10,8,Wednesday,1
20251009,2025-10-09,2025,Q4,202510,10,9,Thursday,1
20251010,2025-10-10,2025,Q4,202510,10,10,Friday,1
20251011,2025-10-11,2025,Q4,202510,10,11,Saturday,0
20251012,2025-10-12,2025,Q4,202510,10,12,Sunday,0
20251013,2025-10-13,2025,Q4,202510,10,13,Monday,1
20251014,2025-10-14,2025,Q4,202510,10,14,Tuesday,1
20251015,2025-10-15,2025,Q4,202510,10,15,Wednesday,1
20251016,2025-10-16,2025,Q4,202510,10,16,Thursday,1
20251017,2025-10-17,2025,Q4,202510,10,17,Friday,1
20251018,2025-10-18,2025,Q4,202510,10,18,Saturday,0
20251019,2025-10-19,2025,Q4,202510,10,19,Sunday,0
20251020,2025-10-20,2025,Q4,202510,10,20,Monday,1
20251021,2025-10-21,2025,Q4,202510,10,21,Tuesday,1
20251022,2025-10-22,2025,Q4,202510,10,22,Wednesday,1
20251023,2025-10-23,2025,Q4,202510,10,23,Thursday,1
20251024,2025-10-24,2025,Q4,202510,10,24,Friday,1
20251025,2025-10-25,2025,Q4,202510,10,25,Saturday,0
20251026,2025-10-26,2025,Q4,202510,10,26,Sunday,0
20251027,2025-10-27,2025,Q4,202510,10,27,Monday,1
20251028,2025-10-28,2025,Q4,202510,10,28,Tuesday,1
20251029,2025-10-29,2025,Q4,202510,10,29,Wednesday,1
20251030,2025-10-30,2025,Q4,202510,10,30,Thursday,1
20251031,2025-10-31,2025,Q4,202510,10,31,Friday,1
20251101,2025-11-01,2025,Q4,202511,11,1,Saturday,0
20251102,2025-11-02,2025,Q4,202511,11,2,Sunday,0
20251103,2025-11-03,2025,Q4,202511,11,3,Monday,1
20251104,2025-11-04,2025,Q4,202511,11,4,Tuesday,1
20251105,2025-11-05,2025,Q4,202511,11,5,Wednesday,1
20251106,2025-11-06,2025,Q4,202511,11,6,Thursday,1
20251107,2025-11-07,2025,Q4,202511,11,7,Friday,1
20251108,2025-11-08,2025,Q4,202511,11,8,Saturday,0
20251109,2025-11-09,2025,Q4,202511,11,9,Sunday,0
20251110,2025-11-10,2025,Q4,202511,11,10,Monday,1
20251111,2025-11-11,2025,Q4,202511,11,11,Tuesday,1
20251112,2025-11-12,2025,Q4,202511,11,12,Wednesday,1
20251113,2025-11-13,2025,Q4,202511,11,13,Thursday,1
20251114,2025-11-14,2025,Q4,202511,11,14,Friday,1
20251115,2025-11-15,2025,Q4,202511,11,15,Saturday,0
20251116,2025-11-16,2025,Q4,202511,11,16,Sunday,0
20251117,2025-11-17,2025,Q4,202511,11,17,Monday,1
20251118,2025-11-18,2025,Q4,202511,11,18,Tuesday,1
20251119,2025-11-19,2025,Q4,202511,11,19,Wednesday,1
20251120,2025-11-20,2025,Q4,202511,11,20,Thursday,1
20251121,2025-11-21,2025,Q4,202511,11,21,Friday,1
20251122,2025-11-22,2025,Q4,202511,11,22,Saturday,0
20251123,2025-11-23,2025,Q4,202511,11,23,Sunday,0
20251124,2025-11-24,2025,Q4,202511,11,24,Monday,1
20251125,2025-11-25,2025,Q4,202511,11,25,Tuesday,1
20251126,2025-11-26,2025,Q4,202511,11,26,Wednesday,1
20251127,2025-11-27,2025,Q4,202511,11,27,Thursday,1
20251128,2025-11-28,2025,Q4,202511,11,28,Friday,1
20251129,2025-11-29,2025,Q4,202511,11,29,Saturday,0
20251130,2025-11-30,2025,Q4,202511,11,30,Sunday,0
20251201,2025-12-01,2025,Q4,202512,12,1,Monday,1
20251202,2025-12-02,2025,Q4,202512,12,2,Tuesday,1
20251203,2025-12-03,2025,Q4,202512,12,3,Wednesday,1
20251204,2025-12-04,2025,Q4,202512,12,4,Thursday,1
20251205,2025-12-05,2025,Q4,202512,12,5,Friday,1
20251206,2025-12-06,2025,Q4,202512,12,6,Saturday,0
20251207,2025-12-07,2025,Q4,202512,12,7,Sunday,0
20251208,2025-12-08,2025,Q4,202512,12,8,Monday,1
20251209,2025-12-09,2025,Q4,202512,12,9,Tuesday,1
20251210,2025-12-10,2025,Q4,202512,12,10,Wednesday,1
20251211,2025-12-11,2025,Q4,202512,12,11,Thursday,1
20251212,2025-12-12,2025,Q4,202512,12,12,Friday,1
20251213,2025-12-13,2025,Q4,202512,12,13,Saturday,0
20251214,2025-12-14,2025,Q4,202512,12,14,Sunday,0
20251215,2025-12-15,2025,Q4,202512,12,15,Monday,1
20251216,2025-12-16,2025,Q4,202512,12,16,Tuesday,1
20251217,2025-12-17,2025,Q4,202512,12,17,Wednesday,1
20251218,2025-12-18,2025,Q4,202512,12,18,Thursday,1
20251219,2025-12-19,2025,Q4,202512,12,19,Friday,1
20251220,2025-12-20,2025,Q4,202512,12,20,Saturday,0
20251221,2025-12-21,2025,Q4,202512,12,21,Sunday,0
20251222,2025-12-22,2025,Q4,202512,12,22,Monday,1
20251223,2025-12-23,2025,Q4,202512,12,23,Tuesday,1
20251224,2025-12-24,2025,Q4,202512,12,24,Wednesday,1
20251225,2025-12-25,2025,Q4,202512,12,25,Thursday,1
20251226,2025-12-26,2025,Q4,202512,12,26,Friday,1
20251227,2025-12-27,2025,Q4,202512,12,27,Saturday,0
20251228,2025-12-28,2025,Q4,202512,12,28,Sunday,0
20251229,2025-12-29,2025,Q4,202512,12,29,Monday,1
20251230,2025-12-30,2025,Q4,202512,12,30,Tuesday,1
20251231,2025-12-31,2025,Q4,202512,12,31,Wednesday,1
